{
    "0": 3.9368905243790246,
    "1": 1.954956601187757,
    "2": 1.7935456831517183,
    "3": 1.6606131160263873,
    "4": 0.3252317981456148
  }